"type","ID","Description","GeneRatio","BgRatio","pvalue","p.adjust","qvalue","geneID","Count"
"MF","GO:1990837","sequence-specific double-stranded DNA binding","50/361","443/7130",4.43350038285157e-08,1.0212992773926e-05,9.07821579904533e-06,"FOS/NFAT5/CEBPG/GRWD1/ZBTB2/PLAGL1/HSF2/PRDM1/GABPB1/ZNF770/SIX4/ABL1/E2F5/ZBTB10/GABPB2/ZNF697/NFATC2/MAFK/ZNF263/MXD1/FOXO1/NFIL3/EGR2/GATA3/ZNF385D/ZBTB11/NKRF/FOSL1/JUNB/EGR1/ATF3/GLI2/TBX20/RBPJ/TGIF1/ZNF146/MYNN/OVOL1/KLF10/TIPARP/FOXN2/MAFF/ZNF317/ZNF12/RUNX1/HHEX/ZNF473/THAP1/ZNF691/BRF2",50
"MF","GO:0003690","double-stranded DNA binding","52/361","471/7130",4.81873765701029e-08,1.0212992773926e-05,9.07821579904533e-06,"FOS/NFAT5/CEBPG/GRWD1/ZBTB2/PLAGL1/HSF2/PRDM1/GABPB1/ZNF770/SIX4/ABL1/E2F5/ZBTB10/GABPB2/ZNF697/NFATC2/MAFK/ZNF263/MXD1/FOXO1/NFIL3/EGR2/GATA3/ZNF385D/ZBTB11/NKRF/FOSL1/JUNB/EGR1/ATF3/GLI2/TBX20/RBPJ/REXO4/TGIF1/ZNF146/MYNN/OVOL1/KLF10/TIPARP/FOXN2/MAFF/ZNF317/ZNF12/RUNX1/HHEX/ZNF473/H1-0/THAP1/ZNF691/BRF2",52
"MF","GO:0000987","cis-regulatory region sequence-specific DNA binding","43/361","353/7130",4.86332989234571e-08,1.0212992773926e-05,9.07821579904533e-06,"FOS/NFAT5/CEBPG/ZBTB2/PLAGL1/HSF2/PRDM1/ZNF770/SIX4/E2F5/ZNF697/NFATC2/MAFK/ZNF263/MXD1/FOXO1/NFIL3/EGR2/GATA3/ZBTB11/NKRF/FOSL1/JUNB/EGR1/ATF3/GLI2/TBX20/RBPJ/TGIF1/ZNF146/MYNN/OVOL1/KLF10/TIPARP/FOXN2/MAFF/ZNF317/RUNX1/HHEX/ZNF473/THAP1/ZNF691/BRF2",43
"MF","GO:0003700","DNA-binding transcription factor activity","51/361","478/7130",1.98951071189221e-07,3.13347937123024e-05,2.7853149966491e-05,"ATF4/TEAD4/FOS/NFAT5/CEBPG/ZBTB2/PLAGL1/HSF2/PRDM1/ZNF770/SIX4/NR6A1/E2F5/ZNF697/PLAGL2/NFATC2/MAFK/ZNF263/MXD1/MSX1/FOXO1/NFIL3/EGR2/GATA3/CSRNP1/ZBTB11/FOSL1/JUNB/EGR1/ETS1/ATF3/GLI2/TBX20/CREB5/RBPJ/TGIF1/LYL1/ZNF146/MYNN/OVOL1/KLF10/FOXN2/MAFF/ZNF317/CREB1/KLF5/RUNX1/HHEX/ZNF473/THAP1/ZNF691",51
"MF","GO:0000978","RNA polymerase II cis-regulatory region sequence-specific DNA binding","40/361","343/7130",4.81486979827413e-07,4.41060004284277e-05,3.9205333714158e-05,"FOS/NFAT5/CEBPG/ZBTB2/PLAGL1/HSF2/PRDM1/ZNF770/SIX4/E2F5/ZNF697/NFATC2/MAFK/ZNF263/MXD1/FOXO1/NFIL3/EGR2/GATA3/ZBTB11/NKRF/FOSL1/JUNB/EGR1/ATF3/GLI2/TBX20/RBPJ/TGIF1/ZNF146/MYNN/OVOL1/KLF10/MAFF/ZNF317/RUNX1/HHEX/ZNF473/THAP1/ZNF691",40
"MF","GO:0000976","transcription cis-regulatory region binding","46/361","423/7130",4.90066671426975e-07,4.41060004284277e-05,3.9205333714158e-05,"FOS/NFAT5/CEBPG/ZBTB2/PLAGL1/HSF2/PRDM1/GABPB1/ZNF770/SIX4/E2F5/ZBTB10/GABPB2/ZNF697/NFATC2/MAFK/ZNF263/MXD1/FOXO1/NFIL3/EGR2/GATA3/ZBTB11/NKRF/FOSL1/JUNB/EGR1/ATF3/GLI2/TBX20/RBPJ/TGIF1/ZNF146/MYNN/OVOL1/KLF10/TIPARP/FOXN2/MAFF/ZNF317/RUNX1/HHEX/ZNF473/THAP1/ZNF691/BRF2",46
"MF","GO:0001067","transcription regulatory region nucleic acid binding","46/361","423/7130",4.90066671426975e-07,4.41060004284277e-05,3.9205333714158e-05,"FOS/NFAT5/CEBPG/ZBTB2/PLAGL1/HSF2/PRDM1/GABPB1/ZNF770/SIX4/E2F5/ZBTB10/GABPB2/ZNF697/NFATC2/MAFK/ZNF263/MXD1/FOXO1/NFIL3/EGR2/GATA3/ZBTB11/NKRF/FOSL1/JUNB/EGR1/ATF3/GLI2/TBX20/RBPJ/TGIF1/ZNF146/MYNN/OVOL1/KLF10/TIPARP/FOXN2/MAFF/ZNF317/RUNX1/HHEX/ZNF473/THAP1/ZNF691/BRF2",46
"MF","GO:0001216","DNA-binding transcription activator activity","23/361","144/7130",7.46341844465716e-07,5.87744202516751e-05,5.22439291126001e-05,"NFAT5/CEBPG/PLAGL1/HSF2/ZNF770/SIX4/E2F5/PLAGL2/NFATC2/FOXO1/EGR2/CSRNP1/JUNB/EGR1/ATF3/GLI2/TBX20/RBPJ/KLF10/MAFF/RUNX1/HHEX/ZNF691",23
"MF","GO:0001228","DNA-binding transcription activator activity, RNA polymerase II-specific","22/361","142/7130",2.21205955222368e-06,0.000154844168655658,0.000137639261027251,"NFAT5/CEBPG/PLAGL1/HSF2/ZNF770/SIX4/PLAGL2/NFATC2/FOXO1/EGR2/CSRNP1/JUNB/EGR1/ATF3/GLI2/TBX20/RBPJ/KLF10/MAFF/RUNX1/HHEX/ZNF691",22
"MF","GO:0000977","RNA polymerase II transcription regulatory region sequence-specific DNA binding","41/361","392/7130",5.85064998319011e-06,0.000368590948940977,0.000327636399058646,"FOS/NFAT5/CEBPG/ZBTB2/PLAGL1/HSF2/PRDM1/ZNF770/SIX4/E2F5/ZBTB10/ZNF697/NFATC2/MAFK/ZNF263/MXD1/FOXO1/NFIL3/EGR2/GATA3/ZBTB11/NKRF/FOSL1/JUNB/EGR1/ATF3/GLI2/TBX20/RBPJ/TGIF1/ZNF146/MYNN/OVOL1/KLF10/MAFF/ZNF317/RUNX1/HHEX/ZNF473/THAP1/ZNF691",41
"MF","GO:0000981","DNA-binding transcription factor activity, RNA polymerase II-specific","42/361","408/7130",6.67984439457423e-06,0.000382572906234706,0.000340064805541961,"FOS/NFAT5/CEBPG/ZBTB2/PLAGL1/HSF2/PRDM1/ZNF770/SIX4/E2F5/ZNF697/PLAGL2/NFATC2/MAFK/ZNF263/MXD1/MSX1/FOXO1/NFIL3/EGR2/GATA3/CSRNP1/ZBTB11/JUNB/EGR1/ATF3/GLI2/TBX20/RBPJ/TGIF1/LYL1/ZNF146/MYNN/OVOL1/KLF10/MAFF/ZNF317/RUNX1/HHEX/ZNF473/THAP1/ZNF691",42
"MF","GO:0003723","RNA binding","47/361","483/7130",8.45095257104947e-06,0.000443675009980097,0.000394377786648975,"HELB/APOBEC1/PPP1R10/POP4/PUSL1/CDC40/LARP6/PUM3/EXOSC3/RC3H2/POP1/RRS1/RBM47/NUFIP1/PUS1/DDX21/CPEB3/RPP25L/TRMT10C/DKC1/PPAN/PCF11/ZC3H12C/PUS3/DDX18/WDR75/NABP1/TYW5/GEMIN5/UTP6/MRM3/RRP9/NSUN7/DDX28/RPP38/EIF1AD/NOP56/ZFP36/ZFP36L1/GTPBP4/SMNDC1/KRR1/ZC3H10/NIP7/ABT1/BCDIN3D/IMP3",47
"MF","GO:0001227","DNA-binding transcription repressor activity, RNA polymerase II-specific","13/361","75/7130",8.39866148934221e-05,0.0040234551264124,0.00357640455681103,"ZBTB2/PLAGL1/PRDM1/NFATC2/MAFK/ZNF263/MXD1/NFIL3/ATF3/TGIF1/OVOL1/HHEX/THAP1",13
"MF","GO:0009982","pseudouridine synthase activity","4/361","6/7130",8.94101139202757e-05,0.0040234551264124,0.00357640455681103,"PUSL1/PUS1/DKC1/PUS3",4
"MF","GO:0001217","DNA-binding transcription repressor activity","13/361","77/7130",0.000111189367856158,0.00466995344995862,0.00415106973329655,"ZBTB2/PLAGL1/PRDM1/NFATC2/MAFK/ZNF263/MXD1/NFIL3/ATF3/TGIF1/OVOL1/HHEX/THAP1",13
"MF","GO:0140098","catalytic activity, acting on RNA","21/361","170/7130",0.00012411479318874,0.00488701998180662,0.00434401776160589,"POLR3H/NOB1/POP4/PUSL1/POP1/ISG20L2/DDX21/PDE12/EIF4A2/QTRT2/TRMT10C/ZC3H12C/DDX18/TYW5/MRM3/TRMT5/NOCT/DDX28/RPP38/POLR1C/BCDIN3D",21
"MF","GO:0017017","MAP kinase tyrosine/serine/threonine phosphatase activity","4/361","7/7130",0.000200289553521411,0.00742249521873465,0.00659777352776413,"DUSP10/DUSP1/DUSP6/DUSP5",4
"MF","GO:0008330","protein tyrosine/threonine phosphatase activity","3/361","4/7130",0.000495679195446064,0.0173487718406122,0.0154211305249887,"DUSP10/DUSP6/DUSP5",3
"MF","GO:0005154","epidermal growth factor receptor binding","4/361","9/7130",0.000664723348591374,0.022040826821714,0.0195918460637458,"SOCS5/AREG/HBEGF/EREG",4
"MF","GO:0030515","snoRNA binding","4/361","10/7130",0.00106383812463522,0.0319151437390567,0.0283690166569393,"DDX21/UTP6/RRP9/NOP56",4
"MF","GO:0033549","MAP kinase phosphatase activity","4/361","10/7130",0.00106383812463522,0.0319151437390567,0.0283690166569393,"DUSP10/DUSP1/DUSP6/DUSP5",4
"MF","GO:0030297","transmembrane receptor protein tyrosine kinase activator activity","3/361","5/7130",0.00119262956604106,0.0341525739366305,0.0303578434992271,"AREG/HBEGF/EREG",3
"BP","GO:0034470","ncRNA processing","29/374","168/6894",1.951383688032e-08,8.07092293370035e-05,7.30433725751767e-05,"HELB/NOB1/POP4/PUSL1/BMP4/EXOSC3/POP1/RRS1/MOCS3/PUS1/RPP25L/QTRT2/TRMT10C/PPAN/UTP15/PUS3/WDR75/TYW5/UTP6/REXO4/RRP9/RPP38/RRP15/GTPBP4/KRR1/ZC3H10/ABT1/BCDIN3D/IMP3",29
"BP","GO:0034660","ncRNA metabolic process","33/374","229/6894",1.88380073800381e-07,0.000389569992619187,0.000352568180228502,"HELB/NOB1/POP4/PUSL1/BMP4/EXOSC3/POP1/RRS1/MOCS3/PUS1/RPP25L/QTRT2/TRMT10C/FOSL1/PPAN/UTP15/ELL2/EGR1/PUS3/WDR75/TYW5/UTP6/REXO4/RRP9/RPP38/RRP15/GTPBP4/KRR1/ZC3H10/ABT1/SNAPC5/BCDIN3D/IMP3",33
"BP","GO:0006396","RNA processing","43/374","370/6894",1.25603204564065e-06,0.00155190345774807,0.00140450185680345,"HELB/APOBEC1/NOB1/POP4/PUSL1/CDC40/LARP6/BMP4/RCL1/EXOSC3/POP1/RRS1/TGS1/MOCS3/PUS1/RPP25L/QTRT2/TRMT10C/DKC1/PPAN/WDR83/CLK4/UTP15/PCF11/PUS3/WDR75/TYW5/GEMIN5/UTP6/NSRP1/REXO4/RRP9/RPP38/RRP15/GTPBP4/DYRK1A/SMNDC1/KRR1/ZC3H10/ZNF473/ABT1/BCDIN3D/IMP3",43
"BP","GO:0042254","ribosome biogenesis","22/374","130/6894",1.50087375023991e-06,0.00155190345774807,0.00140450185680345,"HELB/NOB1/GRWD1/RCL1/EXOSC3/RRS1/GPATCH4/BMS1/PPAN/UTP15/WDR75/UTP6/REXO4/RRP9/DDX28/NOP56/RRP15/GTPBP4/KRR1/NIP7/ABT1/IMP3",22
"BP","GO:0022613","ribonucleoprotein complex biogenesis","25/374","178/6894",9.65276877729355e-06,0.00798477033257723,0.00722636753095913,"HELB/NOB1/GRWD1/EIF3J/RCL1/EXOSC3/RRS1/GPATCH4/NUFIP1/BMS1/PPAN/UTP15/WDR75/GEMIN5/UTP6/REXO4/RRP9/DDX28/NOP56/RRP15/GTPBP4/KRR1/NIP7/ABT1/IMP3",25
"BP","GO:2000026","regulation of multicellular organismal development","41/374","378/6894",1.28155830042921e-05,0.00883420855095868,0.00799512511636187,"EPHA2/LAMA3/ZZZ3/PRDM1/TENT5A/INO80/THBS1/BMP4/SIX4/ABL1/LRRC24/CCN1/JAG1/PTGIS/SOCS5/SPRY2/EGR2/DUSP10/GATA3/BDNF/ADM/GLI2/TBX20/BMPER/PLK2/PHLDA2/RBPJ/F3/NEDD9/SERPINE1/KLF10/ZFP36/BMPR1B/MAFF/RUNX1/PTHLH/DUSP6/TRAF6/TXLNG/ZNF488/RHOB",41
"BP","GO:0001944","vasculature development","26/374","204/6894",3.68414373712921e-05,0.0175065070274298,0.0158437185660034,"EPHA2/PRDM1/THBS1/BMP4/ABL1/CCN3/CCN1/JAG1/PTGIS/NFATC2/SPRY2/EGR2/FOSL1/ADM/JUNB/RASA1/TBX20/BMPER/ESM1/PLK2/RBPJ/F3/SERPINE1/TIPARP/ZFAND5/RHOB",26
"BP","GO:0035239","tube morphogenesis","30/374","253/6894",3.79613698497006e-05,0.0175065070274298,0.0158437185660034,"BRD2/EPHA2/PRDM1/THBS1/BMP4/SIX4/ABL1/CCN3/CCN1/JAG1/PTGIS/ID2/AREG/SPRY2/GATA3/ADM/JUNB/RASA1/GLI2/TBX20/BMPER/ESM1/PLK2/RBPJ/F3/BCL10/SERPINE1/TIPARP/TRAF6/RHOB",30
"BP","GO:1902532","negative regulation of intracellular signal transduction","22/374","158/6894",3.8094430185413e-05,0.0175065070274298,0.0158437185660034,"ITFG2/PPP1R10/EPHA2/TNFAIP3/THBS1/BMP4/TLE1/ABL1/CCN3/OTUD7B/SPRY2/DUSP10/RCAN1/RASA1/ATF3/TNFAIP1/DYRK1A/BCL2L1/RGS2/DUSP6/MCL1/DUSP5",22
"BP","GO:0000966","RNA 5'-end processing","6/374","14/6894",5.07056869373533e-05,0.0209718721172893,0.0189799392367609,"POP4/POP1/RPP25L/TRMT10C/RPP38/ABT1",6
"BP","GO:0043065","positive regulation of apoptotic process","20/374","140/6894",5.9300210082009e-05,0.0222968789908354,0.0201790954116387,"THBS1/BMP4/CD274/ABL1/CCN1/PLAGL2/PTGIS/DCUN1D3/FOXO1/TP53BP2/ATF3/ING3/PHLDA2/GADD45B/BCL10/TNFRSF12A/GADD45G/DUSP6/MCL1/RHOB",20
"BP","GO:0042981","regulation of apoptotic process","41/374","405/6894",6.52093738516336e-05,0.0224754975208631,0.0203407485452991,"PPP1R10/PLK3/TNFAIP3/THBS1/BMP4/SIX4/CD274/TLE1/ABL1/CCN1/PLAGL2/PTGIS/DCUN1D3/FOXO1/SPRY2/TP53BP2/GATA3/BDNF/RASA1/EGR1/ATF3/GLI2/ING3/PLK2/PHLDA2/FEM1B/GADD45B/RIPK2/BCL10/TNFRSF12A/ZFP36/BMPR1B/DEDD2/SIAH2/PEA15/GADD45G/BCL2L1/DUSP6/TRAF6/MCL1/RHOB",41
"BP","GO:0043068","positive regulation of programmed cell death","20/374","144/6894",8.8855367219194e-05,0.028269676832199,0.0255845899458667,"THBS1/BMP4/CD274/ABL1/CCN1/PLAGL2/PTGIS/DCUN1D3/FOXO1/TP53BP2/ATF3/ING3/PHLDA2/GADD45B/BCL10/TNFRSF12A/GADD45G/DUSP6/MCL1/RHOB",20
"BP","GO:0043067","regulation of programmed cell death","41/374","412/6894",9.60464102439433e-05,0.0283748537692107,0.0256797770546964,"PPP1R10/PLK3/TNFAIP3/THBS1/BMP4/SIX4/CD274/TLE1/ABL1/CCN1/PLAGL2/PTGIS/DCUN1D3/FOXO1/SPRY2/TP53BP2/GATA3/BDNF/RASA1/EGR1/ATF3/GLI2/ING3/PLK2/PHLDA2/FEM1B/GADD45B/RIPK2/BCL10/TNFRSF12A/ZFP36/BMPR1B/DEDD2/SIAH2/PEA15/GADD45G/BCL2L1/DUSP6/TRAF6/MCL1/RHOB",41
"BP","GO:0010941","regulation of cell death","43/374","443/6894",0.000114437164895047,0.0305808897569507,0.0276762811706497,"PPP1R10/PLK3/TNFAIP3/THBS1/BMP4/SIX4/CD274/TLE1/ABL1/CCN1/PLAGL2/PTGIS/DCUN1D3/FOXO1/SPRY2/TP53BP2/GATA3/PDE12/BDNF/RASA1/EGR1/ATF3/GLI2/ING3/PLK2/PHLDA2/FEM1B/GADD45B/RIPK2/BCL10/TNFRSF12A/ZFP36/BMPR1B/DEDD2/SIAH2/PEA15/GADD45G/BCL2L1/DUSP6/TRAF6/ADNP2/MCL1/RHOB",43
"BP","GO:0001568","blood vessel development","24/374","194/6894",0.000118301314340235,0.0305808897569507,0.0276762811706497,"EPHA2/PRDM1/THBS1/BMP4/ABL1/CCN3/CCN1/JAG1/PTGIS/SPRY2/EGR2/FOSL1/ADM/JUNB/RASA1/TBX20/BMPER/ESM1/PLK2/RBPJ/F3/SERPINE1/TIPARP/RHOB",24
"BP","GO:0048514","blood vessel morphogenesis","22/374","172/6894",0.000139083426968778,0.0310907080684621,0.0281376763441544,"EPHA2/PRDM1/THBS1/BMP4/ABL1/CCN3/CCN1/JAG1/PTGIS/SPRY2/ADM/JUNB/RASA1/TBX20/BMPER/ESM1/PLK2/RBPJ/F3/SERPINE1/TIPARP/RHOB",22
"BP","GO:0031119","tRNA pseudouridine synthesis","3/374","3/6894",0.000158452300005362,0.0310907080684621,0.0281376763441544,"PUSL1/PUS1/PUS3",3
"BP","GO:0038134","ERBB2-EGFR signaling pathway","3/374","3/6894",0.000158452300005362,0.0310907080684621,0.0281376763441544,"AREG/HBEGF/EREG",3
"BP","GO:0071947","protein deubiquitination involved in ubiquitin-dependent protein catabolic process","3/374","3/6894",0.000158452300005362,0.0310907080684621,0.0281376763441544,"TNFAIP3/OTUD7B/ZRANB1",3
"BP","GO:0099116","tRNA 5'-end processing","5/374","11/6894",0.000161064937354285,0.0310907080684621,0.0281376763441544,"POP4/POP1/RPP25L/TRMT10C/RPP38",5
"BP","GO:0008033","tRNA processing","11/374","56/6894",0.000168899139023486,0.0310907080684621,0.0281376763441544,"POP4/PUSL1/POP1/MOCS3/PUS1/RPP25L/QTRT2/TRMT10C/PUS3/TYW5/RPP38",11
"BP","GO:0010942","positive regulation of cell death","20/374","151/6894",0.000172893202508373,0.0310907080684621,0.0281376763441544,"THBS1/BMP4/CD274/ABL1/CCN1/PLAGL2/PTGIS/DCUN1D3/FOXO1/TP53BP2/ATF3/ING3/PHLDA2/GADD45B/BCL10/TNFRSF12A/GADD45G/DUSP6/MCL1/RHOB",20
"BP","GO:0006364","rRNA processing","15/374","96/6894",0.000181343860347754,0.0312515919332629,0.0282832792717813,"HELB/NOB1/EXOSC3/RRS1/PPAN/UTP15/WDR75/UTP6/REXO4/RRP9/RRP15/GTPBP4/KRR1/ABT1/IMP3",15
"BP","GO:0035914","skeletal muscle cell differentiation","7/374","24/6894",0.000202415193558753,0.0334875696223601,0.0303068811913653,"SIX4/EGR2/EGR1/ATF3/FOXN2/MAFF/MED20",7
"BP","GO:0072359","circulatory system development","31/374","292/6894",0.000226917431767902,0.0360973268381556,0.032668760622132,"EPHA2/PRDM1/THBS1/BMP4/ABL1/CCN3/ZFPM2/CCN1/JAG1/PTGIS/NFATC2/SPRY2/EGR2/GATA3/FOSL1/ADM/JUNB/MAML1/RASA1/GLI2/TBX20/BMPER/ESM1/PLK2/RBPJ/F3/SERPINE1/TIPARP/ZFAND5/DUSP6/RHOB",31
"BP","GO:0002009","morphogenesis of an epithelium","20/374","156/6894",0.000269848754678963,0.0413368314574886,0.0374106109800543,"NTN4/BRD2/EPHA2/BMP4/SIX4/ABL1/CCN1/JAG1/AREG/SPRY2/GATA3/ADM/HBEGF/GLI2/TBX20/RBPJ/FEM1B/BCL10/TRAF6/RHOB",20
"BP","GO:0010628","positive regulation of gene expression","36/374","365/6894",0.000310619017473183,0.0458828662953245,0.0415248581253624,"APOBEC1/NFAT5/CEBPG/AKIRIN2/PRDM1/TENT5A/THBS1/LARP6/BMP4/TLE1/EXOSC3/ABL1/NFATC2/ID2/IL15/SPRY2/NFIL3/POLR3D/DDX21/GATA3/TRMT10C/EGR1/TNFSF4/ATF3/RBPJ/TICAM1/BCL10/ZFP36/DYRK1A/HILPDA/BAG2/ZC3H10/RUNX1/TRAF6/EREG/BCDIN3D",36
"BP","GO:0016072","rRNA metabolic process","15/374","101/6894",0.000321819447844206,0.0458981115959875,0.0415386554095825,"HELB/NOB1/EXOSC3/RRS1/PPAN/UTP15/WDR75/UTP6/REXO4/RRP9/RRP15/GTPBP4/KRR1/ABT1/IMP3",15
"BP","GO:0003170","heart valve development","7/374","26/6894",0.000350091844829836,0.0482659956738734,0.0436816350952596,"PRDM1/BMP4/CCN1/JAG1/GATA3/TBX20/RBPJ",7
"CC","GO:0005730","nucleolus","43/368","282/7845",3.56041279445299e-12,1.28530901879753e-09,1.14682770010802e-09,"HELB/POP4/GRWD1/ZZZ3/PLK3/AEN/RCL1/PUM3/EXOSC3/ABL1/POP1/E2F5/RRS1/GPATCH4/BMS1/DDX21/NOC3L/NEPRO/NKRF/PPAN/UTP15/DNAJC2/IER5/ATF3/WDR75/RBPJ/REXO4/RRP9/POLR1F/ZNF146/DDX28/RPP38/NOP56/POLR1C/GTPBP4/DEDD2/KRR1/NIP7/RGS2/ABT1/SNAPC5/THAP1/IMP3",43
"CC","GO:0030684","preribosome","9/368","25/7845",1.04446101082326e-06,0.000188525212453598,0.000168213194374693,"NOB1/RRS1/PPAN/RRP9/NOP56/RRP15/KRR1/NIP7/IMP3",9
"CC","GO:0140535","intracellular protein-containing complex","36/368","360/7845",1.19080338101635e-05,0.00143293340182301,0.00127854678803861,"POLR3H/KANSL2/POP4/TAF4B/ZZZ3/FBXO32/POP1/PRKAB2/RPRD1B/ZFAND2A/DCUN1D3/KCTD5/CIAO1/POLR3D/RPP25L/EPC1/BRPF1/MSL2/TRMT10C/FBXL12/ENC1/PRKAG3/ING3/TAF13/FEM1B/TNFAIP1/FBXO42/POLR1F/BCL10/RPP38/KLHL15/POLR1C/ZFP36/POLR2M/BAG2/PCGF5",36
"CC","GO:0140513","nuclear protein-containing complex","43/368","476/7845",2.13858781729953e-05,0.00165841621627649,0.00147973571127163,"POLR3H/HELB/KANSL2/CEBPG/TAF4B/ZZZ3/CDC40/INO80/TLE1/EXOSC3/POP1/E2F5/RPRD1B/NFATC2/MXD1/NFIL3/POLR3D/DDX21/EPC1/BRPF1/MSL2/FOSL1/WDR83/JUNB/ELL2/PCF11/ATF3/NABP1/ING3/GEMIN5/MED9/TAF13/EAF1/RPP38/POLR1C/MAFF/PIP5K1A/POLR2M/PCGF5/MED20/IMP3/MED18/PMF1",43
"CC","GO:0005667","transcription regulator complex","22/368","177/7845",2.52139738040953e-05,0.00165841621627649,0.00147973571127163,"FOS/NFAT5/CEBPG/TAF4B/SIX4/TLE1/E2F5/NFATC2/MXD1/NFIL3/FOSL1/JUNB/ATF3/GEMIN5/MED9/TAF13/RBPJ/MAFF/MED20/H1-0/BRF2/MED18",22
"CC","GO:0090575","RNA polymerase II transcription regulator complex","15/368","94/7845",2.7563704425648e-05,0.00165841621627649,0.00147973571127163,"CEBPG/TAF4B/TLE1/E2F5/NFATC2/NFIL3/FOSL1/JUNB/ATF3/GEMIN5/MED9/TAF13/MAFF/MED20/MED18",15
"CC","GO:1990234","transferase complex","32/368","324/7845",4.74581707749605e-05,0.00244748566425153,0.00218378951235156,"POLR3H/KANSL2/TAF4B/ZZZ3/FBXO32/PRKAB2/RPRD1B/DCUN1D3/KCTD5/SOCS5/POLR3D/EPC1/BRPF1/MSL2/TRMT10C/FBXL12/ENC1/PRKAG3/ING3/CDK5R1/TAF13/NUS1/FEM1B/TNFAIP1/FBXO42/POLR1F/KLHL15/POLR1C/POLR2M/PCGF5/PIGH/CISH",32
"CC","GO:0030687","preribosome, large subunit precursor","4/368","6/7845",6.62968125592666e-05,0.0029916436667369,0.00266931903199152,"RRS1/PPAN/RRP15/NIP7",4
"CC","GO:0005732","sno(s)RNA-containing ribonucleoprotein complex","6/368","17/7845",8.14643697590424e-05,0.00326762638700159,0.00291556691769205,"POP4/POP1/RPP25L/RRP9/RPP38/NOP56",6
"CC","GO:1902555","endoribonuclease complex","6/368","19/7845",0.000164859051929527,0.00595141177465594,0.00531019683057215,"POP4/POP1/RPP25L/TRMT10C/RPP38/ZFP36",6
"CC","GO:0000172","ribonuclease MRP complex","4/368","8/7845",0.000286915578219503,0.00915739852332062,0.00817076526647065,"POP4/POP1/RPP25L/RPP38",4
"CC","GO:1905348","endonuclease complex","6/368","21/7845",0.000304401058946946,0.00915739852332062,0.00817076526647065,"POP4/POP1/RPP25L/TRMT10C/RPP38/ZFP36",6
"CC","GO:0030677","ribonuclease P complex","4/368","10/7845",0.000798423870443496,0.0221716167100079,0.0197828100692883,"POP4/POP1/TRMT10C/RPP38",4
"CC","GO:0000428","DNA-directed RNA polymerase complex","8/368","50/7845",0.00206688471242336,0.044016757476839,0.0392743192532811,"POLR3H/TAF4B/RPRD1B/POLR3D/TAF13/POLR1F/POLR1C/POLR2M",8
"CC","GO:0030880","RNA polymerase complex","8/368","50/7845",0.00206688471242336,0.044016757476839,0.0392743192532811,"POLR3H/TAF4B/RPRD1B/POLR3D/TAF13/POLR1F/POLR1C/POLR2M",8
"CC","GO:0002193","MAML1-RBP-Jkappa- ICN1 complex","2/368","2/7845",0.00219474137003629,0.044016757476839,0.0392743192532811,"MAML1/RBPJ",2
"CC","GO:0032777","Piccolo NuA4 histone acetyltransferase complex","2/368","2/7845",0.00219474137003629,0.044016757476839,0.0392743192532811,"EPC1/ING3",2
"CC","GO:0035976","transcription factor AP-1 complex","2/368","2/7845",0.00219474137003629,0.044016757476839,0.0392743192532811,"NFATC2/JUNB",2
